University,Department,Level,Course Code,Course Name
"Lagos State University","Biochemistry","100","CHM101","General Chemistry I"
"Lagos State University","Biochemistry","100","CHM107","Experimental Chemistry I"
"Lagos State University","Biochemistry","100","PHY101","General Physics I"
"Lagos State University","Biochemistry","100","PHY107","Experimental Physics I"
"Lagos State University","Biochemistry","100","BIO101","Basic Biology I"
"Lagos State University","Biochemistry","100","BIO107","Experimental Biology I"
"Lagos State University","Biochemistry","100","MTH101","General Mathematics I"
"Lagos State University","Biochemistry","100","CIT111","Introduction to ICT"
"Lagos State University","Biochemistry","100","FRN221","Basic French"
"Lagos State University","Biochemistry","100","GST111","Communication in English I"
"Lagos State University","Biochemistry","100","LIB101","Use of Library"
"Lagos State University","Biochemistry","100","CHM102","General Chemistry II"
"Lagos State University","Biochemistry","100","CHM108","Experimental Chemistry II"
"Lagos State University","Biochemistry","100","PHY102","General Physics II"
"Lagos State University","Biochemistry","100","PHY108","Experimental Physics II"
"Lagos State University","Biochemistry","100","BIO102","Basic Biology II"
"Lagos State University","Biochemistry","100","BIO108","Experimental Biology II"
"Lagos State University","Biochemistry","100","MTH102","General Mathematics II"
"Lagos State University","Biochemistry","100","CIT112","Intro to Computer Programming"
"Lagos State University","Biochemistry","100","FRN222","French for Specific Purposes"
"Lagos State University","Biochemistry","100","GST122","Communication in English II"
"Lagos State University","Biochemistry","200","BCH201","General Biochemistry I"
"Lagos State University","Biochemistry","200","BCH203","Metabolism of Carbohydrates"
"Lagos State University","Biochemistry","200","MCB201","General Microbiology I"
"Lagos State University","Biochemistry","200","BIO203","Introductory Genetics"
"Lagos State University","Biochemistry","200","CHM205","Physical Chemistry I"
"Lagos State University","Biochemistry","200","CHM207","Inorganic Chemistry I"
"Lagos State University","Biochemistry","200","CHM291","Experimental Physical/Inorganic Chemistry"
"Lagos State University","Biochemistry","200","GST113","Nigerian Peoples & Culture"
"Lagos State University","Biochemistry","200","CIT201","Structured Programming"
"Lagos State University","Biochemistry","200","BCH202","General Biochemistry II"
"Lagos State University","Biochemistry","200","BCH204","Biochemical Methods"
"Lagos State University","Biochemistry","200","BCH206","Food & Nutritional Biochemistry"
"Lagos State University","Biochemistry","200","BIO202","Biological Techniques"
"Lagos State University","Biochemistry","200","CHM208","Physical Chemistry II"
"Lagos State University","Biochemistry","200","CHM202","Organic Chemistry I"
"Lagos State University","Biochemistry","200","CHM292","Experimental Physical/Organic Chemistry"
"Lagos State University","Biochemistry","200","GST112","Logic, Philosophy & Human Existence"
"Lagos State University","Biochemistry","300","BCH301","Enzymology"
"Lagos State University","Biochemistry","300","BCH303","Metabolism of Lipids"
"Lagos State University","Biochemistry","300","BCH305","Metabolism of Nucleic Acids"
"Lagos State University","Biochemistry","300","BCH307","Metabolism of Amino Acids & Protein"
"Lagos State University","Biochemistry","300","BCH309","Membrane Biochemistry"
"Lagos State University","Biochemistry","300","BCH391","General Biochemical Methods"
"Lagos State University","Biochemistry","300","CHM303","Organic Chemistry II"
"Lagos State University","Biochemistry","300","STA201","Statistics for Biological Students"
"Lagos State University","Biochemistry","300","CHM401","Instrumental Analytical Methods"
"Lagos State University","Biochemistry","300","GST311","Entrepreneurship"
"Lagos State University","Biochemistry","300","BCH399","Industrial Attachment (SIWES)"
"Lagos State University","Biochemistry","400","BCH401","Advanced Enzymology"
"Lagos State University","Biochemistry","400","BCH403","Tissue Biochemistry"
"Lagos State University","Biochemistry","400","BCH405","Biotechnology & Genetic Engineering"
"Lagos State University","Biochemistry","400","BCH407","Plant Biochemistry"
"Lagos State University","Biochemistry","400","BCH409","Seminar in Biochemistry"
"Lagos State University","Biochemistry","400","BCH411","Pharmacological Biochemistry & Toxicology"
"Lagos State University","Biochemistry","400","BCH413","Bioenergetics"
"Lagos State University","Biochemistry","400","MCB305","Microbial Genetics/Molecular Biology"
"Lagos State University","Biochemistry","400","MCB401","Immunology & Immunochemistry"
"Lagos State University","Biochemistry","400","BCH417","Biochemistry of Parasites"
"Lagos State University","Biochemistry","400","BCH402","Biosynthesis of Macromolecules"
"Lagos State University","Biochemistry","400","BCH404","Bioinorganic Chemistry"
"Lagos State University","Biochemistry","400","BCH406","Metabolic Regulations"
"Lagos State University","Biochemistry","400","BCH408","Biochemical Reasoning"
"Lagos State University","Biochemistry","400","BCH412","Industrial Biochemistry"
"Lagos State University","Biochemistry","400","MCB408","Microbial Physiology & Metabolism"
"Lagos State University","Biochemistry","400","BCH499","Research Project"
"Lagos State University","Biochemistry","400","BCH492","Advanced Biochemical Methods"
"Lagos State University","Biochemistry","400","BCH414","Clinical and Forensic Biochemistry"
"Lagos State University","Mathematics","100","GST111","Communication in English I"
"Lagos State University","Mathematics","100","GST112","Logic, Philosophy & Human Existence"
"Lagos State University","Mathematics","100","GST113","Nigerian Peoples & Culture"
"Lagos State University","Mathematics","100","GST114","Valuing the Teaching Profession I"
"Lagos State University","Mathematics","100","GST115","Lagos & Its Environs"
"Lagos State University","Mathematics","100","GST116","Intro to Yoruba Language & Culture"
"Lagos State University","Mathematics","100","BIO101","General Biology I"
"Lagos State University","Mathematics","100","CHM101","General Chemistry I"
"Lagos State University","Mathematics","100","CSC101","Intro to Computer Science"
"Lagos State University","Mathematics","100","MTH101","Elementary Mathematics I"
"Lagos State University","Mathematics","100","MTH103","Elementary Mathematics III"
"Lagos State University","Mathematics","100","PHY101","General Physics I"
"Lagos State University","Mathematics","100","PHY107","General Practical Physics I"
"Lagos State University","Mathematics","100","GST121","Use of Library Skills & ICT"
"Lagos State University","Mathematics","100","GST122","Communication in English II"
"Lagos State University","Mathematics","100","GST125","Contemporary Health Issues"
"Lagos State University","Mathematics","100","GST126","Communication in Arabic"
"Lagos State University","Mathematics","100","MTH102","Elementary Mathematics II"
"Lagos State University","Mathematics","100","PHY102","General Physics II"
"Lagos State University","Mathematics","100","PHY108","General Practical Physics II"
"Lagos State University","Mathematics","100","STA112","Probability I"
"Lagos State University","Mathematics","100","CSC102","Intro to Problem Solving"
"Lagos State University","Mathematics","200","CSC201","Computer Programming I"
"Lagos State University","Mathematics","200","GST211","Environment & Sustainable Development"
"Lagos State University","Mathematics","200","GST212","Application of Computer"
"Lagos State University","Mathematics","200","GST214","Valuing the Teaching Profession II"
"Lagos State University","Mathematics","200","MTH201","Mathematical Methods I"
"Lagos State University","Mathematics","200","MTH203","Sets Logic & Algebra I"
"Lagos State University","Mathematics","200","MTH204","Linear Algebra I"
"Lagos State University","Mathematics","200","MTH207","Real Analysis I"
"Lagos State University","Mathematics","200","MTH209","Intro to Numerical Analysis"
"Lagos State University","Mathematics","200","MTH299","Industrial Training I (12 Weeks)"
"Lagos State University","Mathematics","200","PHY201","General Physics III"
"Lagos State University","Mathematics","200","CSC202","Computer Programming II"
"Lagos State University","Mathematics","200","GST222","Peace & Conflict Resolution"
"Lagos State University","Mathematics","200","GST223","Intro to Entrepreneurship"
"Lagos State University","Mathematics","200","GST224","Leadership Skills"
"Lagos State University","Mathematics","200","GST225","Yoruba Grammar & Communication"
"Lagos State University","Mathematics","200","GST226","Land Use & General Agriculture"
"Lagos State University","Mathematics","200","ENT221","Intro to Entrepreneurship"
"Lagos State University","Mathematics","200","MTH202","Elementary Differential Equations"
"Lagos State University","Mathematics","200","MTH205","Linear Algebra II"
"Lagos State University","Mathematics","200","MTH210","Vector Analysis"
"Lagos State University","Mathematics","200","PHY202","Intro to Electric Circuits & Electronics"
"Lagos State University","Mathematics","300","GST311","Entrepreneurship"
"Lagos State University","Mathematics","300","MTH301","Metric Space Topology"
"Lagos State University","Mathematics","300","MTH303","Vector & Tensor Analysis"
"Lagos State University","Mathematics","300","MTH304","Complex Analysis I"
"Lagos State University","Mathematics","300","MTH307","Real Analysis II"
"Lagos State University","Mathematics","300","MTH311","Theory of Modules"
"Lagos State University","Mathematics","300","MTH399","Industrial Attachment II (12 Weeks)"
"Lagos State University","Mathematics","300","MTH309","Discrete Mathematics"
"Lagos State University","Mathematics","300","MTH313","Geometry"
"Lagos State University","Mathematics","300","MTH319","Numerical Analysis I"
"Lagos State University","Mathematics","300","STA311","Probability III"
"Lagos State University","Mathematics","300","ENT321","Entrepreneurship & Business Management"
"Lagos State University","Mathematics","300","MTH300","Abstract Algebra I"
"Lagos State University","Mathematics","300","MTH302","Ordinary Differential Equations"
"Lagos State University","Mathematics","300","MTH305","Complex Analysis II"
"Lagos State University","Mathematics","300","MTH306","Abstract Algebra II"
"Lagos State University","Mathematics","300","MTH308","Intro to Mathematical Modelling"
"Lagos State University","Mathematics","300","MTH310","Mathematical Methods II"
"Lagos State University","Mathematics","300","MTH320","Computational Techniques in Mathematics"
"Lagos State University","Mathematics","300","MTH312","Optimization Theory"
"Lagos State University","Mathematics","300","MTH314","Analytical Dynamics I"
"Lagos State University","Mathematics","300","MTH316","Intro to Operations Research"
"Lagos State University","Mathematics","300","STA312","Distribution Theory I"
"Lagos State University","Mathematics","400","MTH401","Theory of Ordinary Differential Equations"
"Lagos State University","Mathematics","400","MTH403","Functional Analysis"
"Lagos State University","Mathematics","400","MTH405","General Topology"
"Lagos State University","Mathematics","400","MTH419","Complex Analysis"
"Lagos State University","Mathematics","400","MTH407","Mathematical Methods III"
"Lagos State University","Mathematics","400","MTH409","General Relativity"
"Lagos State University","Mathematics","400","MTH411","Analytical Dynamics II"
"Lagos State University","Mathematics","400","ENT421","Investment Marketing & Management"
"Lagos State University","Mathematics","400","MTH402","Theory of Partial Differential Equations"
"Lagos State University","Mathematics","400","MTH404","Project"
"Lagos State University","Mathematics","400","MTH406","Lebesgue Measure & Integration"
"Lagos State University","Mathematics","400","MTH418","Advanced Algebra"
"Lagos State University","Mathematics","400","MTH408","Quantum Mechanics I"
"Lagos State University","Mathematics","400","MTH410","Electromagnetism"
"Lagos State University","Botany","100","GST111","Communication in English I"
"Lagos State University","Botany","100","GST112","Logic, Philosophy & Human Existence"
"Lagos State University","Botany","100","GST113","Nigerian Peoples & Culture"
"Lagos State University","Botany","100","GST114","Valuing the Teaching Profession I"
"Lagos State University","Botany","100","GST115","Lagos & Its Environs"
"Lagos State University","Botany","100","GST116","Intro to Yoruba Language & Culture"
"Lagos State University","Botany","100","BIO101","General Biology I"
"Lagos State University","Botany","100","CHM101","General Chemistry I"
"Lagos State University","Botany","100","CSC101","Intro to Computer Science"
"Lagos State University","Botany","100","MTH101","Elementary Mathematics I"
"Lagos State University","Botany","100","PHY101","General Physics I"
"Lagos State University","Botany","100","PHY107","General Practical Physics I"
"Lagos State University","Botany","100","GST121","Use of Library Skills & ICT"
"Lagos State University","Botany","100","GST122","Communication in English II"
"Lagos State University","Botany","100","GST125","Contemporary Health Issues"
"Lagos State University","Botany","100","GST126","Communication in Arabic"
"Lagos State University","Botany","100","BIO102","General Biology II"
"Lagos State University","Botany","100","BOT101","Diversity of Plants"
"Lagos State University","Botany","100","BOT103","Basic Botanical Nomenclature"
"Lagos State University","Botany","100","CHM102","General Chemistry II"
"Lagos State University","Botany","100","MTH102","Elementary Mathematics II"
"Lagos State University","Botany","100","PHY102","General Physics II"
"Lagos State University","Botany","100","PHY108","General Practical Physics II"
"Lagos State University","Botany","200","GST211","Environment & Sustainable Development"
"Lagos State University","Botany","200","GST212","Application of Computer"
"Lagos State University","Botany","200","GST214","Valuing the Teaching Profession II"
"Lagos State University","Botany","200","BOT201","Seedless Plants (Cryptogams)"
"Lagos State University","Botany","200","BOT203","Plant Morphology"
"Lagos State University","Botany","200","BOT205","Introductory Plant Physiology"
"Lagos State University","Botany","200","BOT207","General Ecology"
"Lagos State University","Botany","200","STA211","Statistics for Biological Sciences"
"Lagos State University","Botany","200","GST222","Peace & Conflict Resolution"
"Lagos State University","Botany","200","GST223","Intro to Entrepreneurship"
"Lagos State University","Botany","200","GST224","Leadership Skills"
"Lagos State University","Botany","200","GST225","Yoruba Grammar & Communication"
"Lagos State University","Botany","200","GST226","Land Use & General Agriculture"
"Lagos State University","Botany","200","BOT202","Seed Plants (Spermatophyta)"
"Lagos State University","Botany","200","BOT204","Plant Anatomy"
"Lagos State University","Botany","200","BOT206","Plant Taxonomy"
"Lagos State University","Botany","200","BOT208","Biological Techniques"
"Lagos State University","Botany","300","GST311","Entrepreneurship"
"Lagos State University","Botany","300","BOT301","Plant Ecology & Field Course I"
"Lagos State University","Botany","300","BOT303","Algae (Phycology)"
"Lagos State University","Botany","300","BOT305","Mycology I"
"Lagos State University","Botany","300","BOT307","Plant Physiology I"
"Lagos State University","Botany","300","BOT309","Plant Taxonomy I"
"Lagos State University","Botany","300","BOT311","Biostatistics"
"Lagos State University","Botany","300","ENT321","Entrepreneurship & Business Management"
"Lagos State University","Botany","300","BOT302","Bryophyta & Pteridophyta"
"Lagos State University","Botany","300","BOT304","Gymnosperms"
"Lagos State University","Botany","300","BOT306","Plant Cytogenetics"
"Lagos State University","Botany","300","BOT308","Plant Pathology I"
"Lagos State University","Botany","300","BOT310","Economic Botany"
"Lagos State University","Botany","300","BOT399","SIWES / Industrial Training (12 weeks)"
"Lagos State University","Botany","400","BOT401","Plant Breeding"
"Lagos State University","Botany","400","BOT403","Population Ecology"
"Lagos State University","Botany","400","BOT405","Mycology II"
"Lagos State University","Botany","400","BOT407","Limnology"
"Lagos State University","Botany","400","BOT409","Evolution"
"Lagos State University","Botany","400","BOT411","Plant Pathology II"
"Lagos State University","Botany","400","BOT413","Seminar"
"Lagos State University","Botany","400","ENT421","Investment Marketing & Management"
"Lagos State University","Botany","400","BOT402","Soil Science"
"Lagos State University","Botany","400","BOT404","Development of Natural Resources & Afforestation"
"Lagos State University","Botany","400","BOT406","Comparative Plant Anatomy"
"Lagos State University","Botany","400","BOT408","Plant Physiology II / Tissue Culture"
"Lagos State University","Botany","400","BOT410","Molecular Biology / Biotechnology"
"Lagos State University","Botany","400","BOT412","Research Project"
"Lagos State University","Chemistry","100","GST111","Communication in English I"
"Lagos State University","Chemistry","100","GST112","Logic, Philosophy & Human Existence"
"Lagos State University","Chemistry","100","GST113","Nigerian Peoples & Culture"
"Lagos State University","Chemistry","100","GST114","Valuing the Teaching Profession I"
"Lagos State University","Chemistry","100","GST115","Lagos & Its Environs"
"Lagos State University","Chemistry","100","GST116","Intro to Yoruba Language & Culture"
"Lagos State University","Chemistry","100","CHM101","General Chemistry I"
"Lagos State University","Chemistry","100","CHM103","General Chemistry Practical I"
"Lagos State University","Chemistry","100","BIO101","General Biology I"
"Lagos State University","Chemistry","100","MTH101","Elementary Mathematics I"
"Lagos State University","Chemistry","100","PHY101","General Physics I"
"Lagos State University","Chemistry","100","PHY107","General Practical Physics I"
"Lagos State University","Chemistry","100","GST121","Use of Library Skills & ICT"
"Lagos State University","Chemistry","100","GST122","Communication in English II"
"Lagos State University","Chemistry","100","GST125","Contemporary Health Issues"
"Lagos State University","Chemistry","100","GST126","Communication in Arabic"
"Lagos State University","Chemistry","100","CHM102","General Chemistry II"
"Lagos State University","Chemistry","100","CHM104","General Chemistry Practical II"
"Lagos State University","Chemistry","100","BIO102","General Biology II"
"Lagos State University","Chemistry","100","MTH102","Elementary Mathematics II"
"Lagos State University","Chemistry","100","PHY102","General Physics II"
"Lagos State University","Chemistry","100","PHY108","General Practical Physics II"
"Lagos State University","Chemistry","200","GST211","Environment & Sustainable Development"
"Lagos State University","Chemistry","200","GST212","Application of Computer"
"Lagos State University","Chemistry","200","GST214","Valuing the Teaching Profession II"
"Lagos State University","Chemistry","200","CHM201","Physical Chemistry I"
"Lagos State University","Chemistry","200","CHM203","Inorganic Chemistry I"
"Lagos State University","Chemistry","200","CHM205","Organic Chemistry I"
"Lagos State University","Chemistry","200","CHM207","Analytical Chemistry I"
"Lagos State University","Chemistry","200","CHM209","Chemistry Practical I"
"Lagos State University","Chemistry","200","GST222","Peace & Conflict Resolution"
"Lagos State University","Chemistry","200","GST223","Intro to Entrepreneurship"
"Lagos State University","Chemistry","200","GST224","Leadership Skills"
"Lagos State University","Chemistry","200","GST225","Yoruba Grammar & Communication"
"Lagos State University","Chemistry","200","GST226","Land Use & General Agriculture"
"Lagos State University","Chemistry","200","CHM202","Physical Chemistry II"
"Lagos State University","Chemistry","200","CHM204","Inorganic Chemistry II"
"Lagos State University","Chemistry","200","CHM206","Organic Chemistry II"
"Lagos State University","Chemistry","200","CHM208","Analytical Chemistry II"
"Lagos State University","Chemistry","200","CHM210","Chemistry Practical II"
"Lagos State University","Chemistry","300","GST311","Entrepreneurship"
"Lagos State University","Chemistry","300","CHM301","Physical Chemistry III"
"Lagos State University","Chemistry","300","CHM303","Inorganic Chemistry III"
"Lagos State University","Chemistry","300","CHM305","Organic Chemistry III"
"Lagos State University","Chemistry","300","CHM307","Analytical Chemistry III"
"Lagos State University","Chemistry","300","CHM309","Instrumental Methods of Analysis"
"Lagos State University","Chemistry","300","CHM311","Chemistry Practical III"
"Lagos State University","Chemistry","300","ENT321","Entrepreneurship & Business Management"
"Lagos State University","Chemistry","300","CHM302","Chemical Thermodynamics"
"Lagos State University","Chemistry","300","CHM304","Coordination Chemistry"
"Lagos State University","Chemistry","300","CHM306","Organic Reaction Mechanisms"
"Lagos State University","Chemistry","300","CHM308","Electrochemistry"
"Lagos State University","Chemistry","300","CHM310","Industrial Chemistry"
"Lagos State University","Chemistry","300","CHM399","SIWES / Industrial Training (12 weeks)"
"Lagos State University","Chemistry","400","CHM401","Advanced Physical Chemistry"
"Lagos State University","Chemistry","400","CHM403","Advanced Inorganic Chemistry"
"Lagos State University","Chemistry","400","CHM405","Advanced Organic Chemistry"
"Lagos State University","Chemistry","400","CHM407","Advanced Analytical Chemistry"
"Lagos State University","Chemistry","400","CHM409","Environmental Chemistry"
"Lagos State University","Chemistry","400","CHM411","Seminar"
"Lagos State University","Chemistry","400","ENT421","Investment Marketing & Management"
"Lagos State University","Chemistry","400","CHM402","Chemical Kinetics"
"Lagos State University","Chemistry","400","CHM404","Research Project"
"Lagos State University","Chemistry","400","CHM406","Polymer Chemistry"
"Lagos State University","Chemistry","400","CHM408","Medicinal Chemistry"
"Lagos State University","Chemistry","400","CHM410","Spectroscopy"
"Lagos State University","Fisheries","100","GST111","Communication in English I"
"Lagos State University","Fisheries","100","GST112","Logic, Philosophy & Human Existence"
"Lagos State University","Fisheries","100","GST113","Nigerian Peoples & Culture"
"Lagos State University","Fisheries","100","GST114","Valuing the Teaching Profession I"
"Lagos State University","Fisheries","100","GST115","Lagos & Its Environs"
"Lagos State University","Fisheries","100","GST116","Intro to Yoruba Language & Culture"
"Lagos State University","Fisheries","100","BIO101","General Biology I"
"Lagos State University","Fisheries","100","CHM101","General Chemistry I"
"Lagos State University","Fisheries","100","FIS101","Introduction to Fisheries"
"Lagos State University","Fisheries","100","MTH101","Elementary Mathematics I"
"Lagos State University","Fisheries","100","PHY101","General Physics I"
"Lagos State University","Fisheries","100","PHY107","General Practical Physics I"
"Lagos State University","Fisheries","100","GST121","Use of Library Skills & ICT"
"Lagos State University","Fisheries","100","GST122","Communication in English II"
"Lagos State University","Fisheries","100","GST125","Contemporary Health Issues"
"Lagos State University","Fisheries","100","GST126","Communication in Arabic"
"Lagos State University","Fisheries","100","BIO102","General Biology II"
"Lagos State University","Fisheries","100","CHM102","General Chemistry II"
"Lagos State University","Fisheries","100","FIS102","Introduction to Aquatic Ecology"
"Lagos State University","Fisheries","100","MTH102","Elementary Mathematics II"
"Lagos State University","Fisheries","100","PHY102","General Physics II"
"Lagos State University","Fisheries","100","PHY108","General Practical Physics II"
"Lagos State University","Fisheries","200","GST211","Environment & Sustainable Development"
"Lagos State University","Fisheries","200","GST212","Application of Computer"
"Lagos State University","Fisheries","200","GST214","Valuing the Teaching Profession II"
"Lagos State University","Fisheries","200","FIS201","General Ichthyology"
"Lagos State University","Fisheries","200","FIS203","Fisheries Biology"
"Lagos State University","Fisheries","200","FIS205","Principles of Aquaculture"
"Lagos State University","Fisheries","200","FIS207","Fisheries Statistics"
"Lagos State University","Fisheries","200","STA211","Statistics for Biological Sciences"
"Lagos State University","Fisheries","200","GST222","Peace & Conflict Resolution"
"Lagos State University","Fisheries","200","GST223","Intro to Entrepreneurship"
"Lagos State University","Fisheries","200","GST224","Leadership Skills"
"Lagos State University","Fisheries","200","GST225","Yoruba Grammar & Communication"
"Lagos State University","Fisheries","200","GST226","Land Use & General Agriculture"
"Lagos State University","Fisheries","200","FIS202","Limnology"
"Lagos State University","Fisheries","200","FIS204","Fish Nutrition"
"Lagos State University","Fisheries","200","FIS206","Fish Genetics & Breeding"
"Lagos State University","Fisheries","200","FIS208","Fishing Gear Technology"
"Lagos State University","Fisheries","300","GST311","Entrepreneurship"
"Lagos State University","Fisheries","300","FIS301","Fish Physiology"
"Lagos State University","Fisheries","300","FIS303","Fish Pathology & Parasitology"
"Lagos State University","Fisheries","300","FIS305","Fisheries Management"
"Lagos State University","Fisheries","300","FIS307","Aquaculture Systems & Pond Management"
"Lagos State University","Fisheries","300","FIS309","Fish Processing & Preservation"
"Lagos State University","Fisheries","300","FIS311","Fisheries Economics"
"Lagos State University","Fisheries","300","ENT321","Entrepreneurship & Business Management"
"Lagos State University","Fisheries","300","FIS302","Marine Fisheries"
"Lagos State University","Fisheries","300","FIS304","Inland Fisheries"
"Lagos State University","Fisheries","300","FIS306","Fish Hatchery Management"
"Lagos State University","Fisheries","300","FIS308","Environmental Impact of Fisheries"
"Lagos State University","Fisheries","300","FIS399","SIWES / Industrial Training (12 weeks)"
"Lagos State University","Fisheries","400","FIS401","Advanced Aquaculture"
"Lagos State University","Fisheries","400","FIS403","Fish Stock Assessment"
"Lagos State University","Fisheries","400","FIS405","Fisheries Policy & Legislation"
"Lagos State University","Fisheries","400","FIS407","Integrated Fish Farming"
"Lagos State University","Fisheries","400","FIS409","Seminar"
"Lagos State University","Fisheries","400","ENT421","Investment Marketing & Management"
"Lagos State University","Fisheries","400","FIS402","Fisheries Extension & Rural Development"
"Lagos State University","Fisheries","400","FIS404","Research Project"
"Lagos State University","Fisheries","400","FIS406","Aquatic Pollution & Toxicology"
"Lagos State University","Fisheries","400","FIS408","Sustainable Fisheries Management"
"Lagos State University","Microbiology","100","GST111","Communication in English I"
"Lagos State University","Microbiology","100","GST112","Logic, Philosophy & Human Existence"
"Lagos State University","Microbiology","100","GST113","Nigerian Peoples & Culture"
"Lagos State University","Microbiology","100","GST114","Valuing the Teaching Profession I"
"Lagos State University","Microbiology","100","GST115","Lagos & Its Environs"
"Lagos State University","Microbiology","100","GST116","Intro to Yoruba Language & Culture"
"Lagos State University","Microbiology","100","BIO101","General Biology I"
"Lagos State University","Microbiology","100","CHM101","General Chemistry I"
"Lagos State University","Microbiology","100","MCB101","Introduction to Microbiology"
"Lagos State University","Microbiology","100","MTH101","Elementary Mathematics I"
"Lagos State University","Microbiology","100","PHY101","General Physics I"
"Lagos State University","Microbiology","100","PHY107","General Practical Physics I"
"Lagos State University","Microbiology","100","GST121","Use of Library Skills & ICT"
"Lagos State University","Microbiology","100","GST122","Communication in English II"
"Lagos State University","Microbiology","100","GST125","Contemporary Health Issues"
"Lagos State University","Microbiology","100","GST126","Communication in Arabic"
"Lagos State University","Microbiology","100","BIO102","General Biology II"
"Lagos State University","Microbiology","100","CHM102","General Chemistry II"
"Lagos State University","Microbiology","100","MCB102","Microbial Diversity"
"Lagos State University","Microbiology","100","MTH102","Elementary Mathematics II"
"Lagos State University","Microbiology","100","PHY102","General Physics II"
"Lagos State University","Microbiology","100","PHY108","General Practical Physics II"
"Lagos State University","Microbiology","200","GST211","Environment & Sustainable Development"
"Lagos State University","Microbiology","200","GST212","Application of Computer"
"Lagos State University","Microbiology","200","GST214","Valuing the Teaching Profession II"
"Lagos State University","Microbiology","200","MCB201","General Microbiology"
"Lagos State University","Microbiology","200","MCB203","Microbial Morphology & Physiology"
"Lagos State University","Microbiology","200","MCB205","Microbial Genetics"
"Lagos State University","Microbiology","200","MCB207","Microbial Ecology"
"Lagos State University","Microbiology","200","STA211","Statistics for Biological Sciences"
"Lagos State University","Microbiology","200","GST222","Peace & Conflict Resolution"
"Lagos State University","Microbiology","200","GST223","Intro to Entrepreneurship"
"Lagos State University","Microbiology","200","GST224","Leadership Skills"
"Lagos State University","Microbiology","200","GST225","Yoruba Grammar & Communication"
"Lagos State University","Microbiology","200","GST226","Land Use & General Agriculture"
"Lagos State University","Microbiology","200","MCB202","Immunology"
"Lagos State University","Microbiology","200","MCB204","Medical Microbiology"
"Lagos State University","Microbiology","200","MCB206","Industrial Microbiology"
"Lagos State University","Microbiology","200","MCB208","Microbiology Practical I"
"Lagos State University","Microbiology","300","GST311","Entrepreneurship"
"Lagos State University","Microbiology","300","MCB301","Bacteriology"
"Lagos State University","Microbiology","300","MCB303","Virology"
"Lagos State University","Microbiology","300","MCB305","Mycology"
"Lagos State University","Microbiology","300","MCB307","Microbial Biochemistry"
"Lagos State University","Microbiology","300","MCB309","Food & Dairy Microbiology"
"Lagos State University","Microbiology","300","MCB311","Microbiology Practical II"
"Lagos State University","Microbiology","300","ENT321","Entrepreneurship & Business Management"
"Lagos State University","Microbiology","300","MCB302","Environmental Microbiology"
"Lagos State University","Microbiology","300","MCB304","Molecular Biology"
"Lagos State University","Microbiology","300","MCB306","Public Health Microbiology"
"Lagos State University","Microbiology","300","MCB308","Waste Management & Bioremediation"
"Lagos State University","Microbiology","300","MCB399","SIWES / Industrial Training (12 weeks)"
"Lagos State University","Microbiology","400","MCB401","Advanced Microbial Genetics"
"Lagos State University","Microbiology","400","MCB403","Pharmaceutical Microbiology"
"Lagos State University","Microbiology","400","MCB405","Microbial Biotechnology"
"Lagos State University","Microbiology","400","MCB407","Epidemiology"
"Lagos State University","Microbiology","400","MCB409","Seminar"
"Lagos State University","Microbiology","400","ENT421","Investment Marketing & Management"
"Lagos State University","Microbiology","400","MCB402","Clinical Microbiology"
"Lagos State University","Microbiology","400","MCB404","Research Project"
"Lagos State University","Microbiology","400","MCB406","Industrial Fermentation Technology"
"Lagos State University","Microbiology","400","MCB408","Advanced Immunology"
"Lagos State University","Physics","100","GST111","Communication in English I"
"Lagos State University","Physics","100","GST112","Logic, Philosophy & Human Existence"
"Lagos State University","Physics","100","GST113","Nigerian Peoples & Culture"
"Lagos State University","Physics","100","GST114","Valuing the Teaching Profession I"
"Lagos State University","Physics","100","GST115","Lagos & Its Environs"
"Lagos State University","Physics","100","GST116","Intro to Yoruba Language & Culture"
"Lagos State University","Physics","100","PHY101","General Physics I"
"Lagos State University","Physics","100","PHY103","Mechanics & Properties of Matter"
"Lagos State University","Physics","100","PHY107","General Practical Physics I"
"Lagos State University","Physics","100","MTH101","Elementary Mathematics I"
"Lagos State University","Physics","100","MTH103","Elementary Mathematics III"
"Lagos State University","Physics","100","CHM101","General Chemistry I"
"Lagos State University","Physics","100","GST121","Use of Library Skills & ICT"
"Lagos State University","Physics","100","GST122","Communication in English II"
"Lagos State University","Physics","100","GST125","Contemporary Health Issues"
"Lagos State University","Physics","100","GST126","Communication in Arabic"
"Lagos State University","Physics","100","PHY102","General Physics II"
"Lagos State University","Physics","100","PHY104","Heat & Thermodynamics"
"Lagos State University","Physics","100","PHY108","General Practical Physics II"
"Lagos State University","Physics","100","MTH102","Elementary Mathematics II"
"Lagos State University","Physics","100","STA112","Probability I"
"Lagos State University","Physics","200","GST211","Environment & Sustainable Development"
"Lagos State University","Physics","200","GST212","Application of Computer"
"Lagos State University","Physics","200","GST214","Valuing the Teaching Profession II"
"Lagos State University","Physics","200","PHY201","Electricity & Magnetism I"
"Lagos State University","Physics","200","PHY203","Waves & Optics I"
"Lagos State University","Physics","200","PHY205","Classical Mechanics I"
"Lagos State University","Physics","200","MTH201","Mathematical Methods I"
"Lagos State University","Physics","200","MTH207","Real Analysis I"
"Lagos State University","Physics","200","GST222","Peace & Conflict Resolution"
"Lagos State University","Physics","200","GST223","Intro to Entrepreneurship"
"Lagos State University","Physics","200","GST224","Leadership Skills"
"Lagos State University","Physics","200","GST225","Yoruba Grammar & Communication"
"Lagos State University","Physics","200","GST226","Land Use & General Agriculture"
"Lagos State University","Physics","200","PHY202","Electricity & Magnetism II"
"Lagos State University","Physics","200","PHY204","Waves & Optics II"
"Lagos State University","Physics","200","PHY206","Modern Physics I"
"Lagos State University","Physics","200","PHY208","Electronics I"
"Lagos State University","Physics","300","GST311","Entrepreneurship"
"Lagos State University","Physics","300","PHY301","Quantum Mechanics I"
"Lagos State University","Physics","300","PHY303","Statistical Mechanics"
"Lagos State University","Physics","300","PHY305","Solid State Physics"
"Lagos State University","Physics","300","PHY307","Electronics II"
"Lagos State University","Physics","300","PHY309","Nuclear Physics"
"Lagos State University","Physics","300","PHY311","Experimental Physics I"
"Lagos State University","Physics","300","ENT321","Entrepreneurship & Business Management"
"Lagos State University","Physics","300","PHY302","Quantum Mechanics II"
"Lagos State University","Physics","300","PHY304","Electromagnetic Theory"
"Lagos State University","Physics","300","PHY306","Atomic & Molecular Physics"
"Lagos State University","Physics","300","PHY308","Optics & Lasers"
"Lagos State University","Physics","300","PHY399","SIWES / Industrial Training (12 weeks)"
"Lagos State University","Physics","400","PHY401","Advanced Quantum Mechanics"
"Lagos State University","Physics","400","PHY403","Advanced Solid State Physics"
"Lagos State University","Physics","400","PHY405","Plasma Physics"
"Lagos State University","Physics","400","PHY407","Computational Physics"
"Lagos State University","Physics","400","PHY409","Seminar"
"Lagos State University","Physics","400","ENT421","Investment Marketing & Management"
"Lagos State University","Physics","400","PHY402","General Relativity"
"Lagos State University","Physics","400","PHY404","Research Project"
"Lagos State University","Physics","400","PHY406","Renewable Energy Physics"
"Lagos State University","Physics","400","PHY408","Advanced Electronics"
"Lagos State University","Science Laboratory Technology","100","GST111","Communication in English I"
"Lagos State University","Science Laboratory Technology","100","GST112","Logic, Philosophy & Human Existence"
"Lagos State University","Science Laboratory Technology","100","GST113","Nigerian Peoples & Culture"
"Lagos State University","Science Laboratory Technology","100","GST114","Valuing the Teaching Profession I"
"Lagos State University","Science Laboratory Technology","100","GST115","Lagos & Its Environs"
"Lagos State University","Science Laboratory Technology","100","GST116","Intro to Yoruba Language & Culture"
"Lagos State University","Science Laboratory Technology","100","SLT101","Intro to Science Laboratory Technology"
"Lagos State University","Science Laboratory Technology","100","BIO101","General Biology I"
"Lagos State University","Science Laboratory Technology","100","CHM101","General Chemistry I"
"Lagos State University","Science Laboratory Technology","100","PHY101","General Physics I"
"Lagos State University","Science Laboratory Technology","100","MTH101","Elementary Mathematics I"
"Lagos State University","Science Laboratory Technology","100","GST121","Use of Library Skills & ICT"
"Lagos State University","Science Laboratory Technology","100","GST122","Communication in English II"
"Lagos State University","Science Laboratory Technology","100","GST125","Contemporary Health Issues"
"Lagos State University","Science Laboratory Technology","100","GST126","Communication in Arabic"
"Lagos State University","Science Laboratory Technology","100","SLT102","Laboratory Safety & Management"
"Lagos State University","Science Laboratory Technology","100","BIO102","General Biology II"
"Lagos State University","Science Laboratory Technology","100","CHM102","General Chemistry II"
"Lagos State University","Science Laboratory Technology","100","PHY102","General Physics II"
"Lagos State University","Science Laboratory Technology","100","MTH102","Elementary Mathematics II"
"Lagos State University","Science Laboratory Technology","100","PHY108","General Practical Physics II"
"Lagos State University","Science Laboratory Technology","200","GST211","Environment & Sustainable Development"
"Lagos State University","Science Laboratory Technology","200","GST212","Application of Computer"
"Lagos State University","Science Laboratory Technology","200","GST214","Valuing the Teaching Profession II"
"Lagos State University","Science Laboratory Technology","200","SLT201","Laboratory Techniques I"
"Lagos State University","Science Laboratory Technology","200","SLT203","Basic Instrumentation"
"Lagos State University","Science Laboratory Technology","200","SLT205","Chemical Laboratory Technology"
"Lagos State University","Science Laboratory Technology","200","SLT207","Biological Laboratory Technology"
"Lagos State University","Science Laboratory Technology","200","STA211","Statistics for Biological Sciences"
"Lagos State University","Science Laboratory Technology","200","GST222","Peace & Conflict Resolution"
"Lagos State University","Science Laboratory Technology","200","GST223","Intro to Entrepreneurship"
"Lagos State University","Science Laboratory Technology","200","GST224","Leadership Skills"
"Lagos State University","Science Laboratory Technology","200","GST225","Yoruba Grammar & Communication"
"Lagos State University","Science Laboratory Technology","200","GST226","Land Use & General Agriculture"
"Lagos State University","Science Laboratory Technology","200","SLT202","Laboratory Techniques II"
"Lagos State University","Science Laboratory Technology","200","SLT204","Physics Laboratory Technology"
"Lagos State University","Science Laboratory Technology","200","SLT206","Quality Control & Assurance"
"Lagos State University","Science Laboratory Technology","200","SLT208","Laboratory Management & Ethics"
"Lagos State University","Science Laboratory Technology","300","GST311","Entrepreneurship"
"Lagos State University","Science Laboratory Technology","300","SLT301","Advanced Laboratory Techniques"
"Lagos State University","Science Laboratory Technology","300","SLT303","Instrument Maintenance & Calibration"
"Lagos State University","Science Laboratory Technology","300","SLT305","Industrial & Environmental Analysis"
"Lagos State University","Science Laboratory Technology","300","SLT307","Research Methods in SLT"
"Lagos State University","Science Laboratory Technology","300","SLT309","Applied Microbiology for Technologists"
"Lagos State University","Science Laboratory Technology","300","ENT321","Entrepreneurship & Business Management"
"Lagos State University","Science Laboratory Technology","300","SLT302","Laboratory Automation & ICT"
"Lagos State University","Science Laboratory Technology","300","SLT304","Analytical Instrumentation"
"Lagos State University","Science Laboratory Technology","300","SLT306","Industrial Safety & Environmental Protection"
"Lagos State University","Science Laboratory Technology","300","SLT399","SIWES / Industrial Training (12 weeks)"
"Lagos State University","Science Laboratory Technology","400","SLT401","Advanced Analytical Techniques"
"Lagos State University","Science Laboratory Technology","400","SLT403","Laboratory Quality Systems (ISO & GLP)"
"Lagos State University","Science Laboratory Technology","400","SLT405","Environmental & Industrial Laboratory Practice"
"Lagos State University","Science Laboratory Technology","400","SLT407","Seminar"
"Lagos State University","Science Laboratory Technology","400","ENT421","Investment Marketing & Management"
"Lagos State University","Science Laboratory Technology","400","SLT402","Laboratory Design & Management"
"Lagos State University","Science Laboratory Technology","400","SLT404","Research Project"
"Lagos State University","Science Laboratory Technology","400","SLT406","Forensic & Diagnostic Laboratory Techniques"
"Lagos State University","Biology","100","BIO101","General Biology I"
"Lagos State University","Biology","100","BIO107","Experimental Biology I"
"Lagos State University","Biology","100","CHM101","General Chemistry I"
"Lagos State University","Biology","100","CHM107","Experimental Chemistry I"
"Lagos State University","Biology","100","PHY101","General Physics I"
"Lagos State University","Biology","100","PHY107","Experimental Physics I"
"Lagos State University","Biology","100","MTH101","General Mathematics I"
"Lagos State University","Biology","100","GST111","Communication in English I"
"Lagos State University","Biology","100","GST122","Communication in English II"
"Lagos State University","Biology","200","BIO201","Cell Biology"
"Lagos State University","Biology","200","BIO203","Introductory Genetics"
"Lagos State University","Biology","200","BIO202","Biological Techniques"
"Lagos State University","Biology","200","MCB201","General Microbiology I"
"Lagos State University","Biology","200","CHM201","Organic Chemistry I"
"Lagos State University","Biology","200","CHM202","Physical Chemistry"
"Lagos State University","Biology","200","ENT211","Entrepreneurship"
"Lagos State University","Biology","300","BIO301","Molecular Biology"
"Lagos State University","Biology","300","BIO303","Physiology"
"Lagos State University","Biology","300","BIO305","Ecology"
"Lagos State University","Biology","300","BCH301","Enzymology"
"Lagos State University","Biology","300","MCB301","Medical Microbiology"
"Lagos State University","Biology","300","BIO399","SIWES"
"Lagos State University","Biology","400","BIO401","Immunology"
"Lagos State University","Biology","400","BIO403","Biotechnology"
"Lagos State University","Biology","400","BIO405","Evolution"
"Lagos State University","Biology","400","BIO407","Seminar"
"Lagos State University","Biology","400","BIO499","Research Project"
"Lagos State University","Computer Science","100","CSC101","Introduction to Computer Science"
"Lagos State University","Computer Science","100","CSC102","Introduction to Computing"
"Lagos State University","Computer Science","100","MAT101","Elementary Mathematics I"
"Lagos State University","Computer Science","100","MAT161","Introductory Statistics"
"Lagos State University","Computer Science","100","PHY101","General Physics I"
"Lagos State University","Computer Science","100","GST101","Use of English I"
"Lagos State University","Computer Science","200","CSC201","Computer Organization"
"Lagos State University","Computer Science","200","CSC205","Operating Systems"
"Lagos State University","Computer Science","200","CSC213","Data Structures & Algorithm Analysis"
"Lagos State University","Computer Science","200","CSC215","Discrete Mathematics"
"Lagos State University","Computer Science","200","CSC221","Data Structures"
"Lagos State University","Computer Science","200","ENT211","Entrepreneurship"
"Lagos State University","Computer Science","200","MAT201","Mathematical Methods I"
"Lagos State University","Computer Science","300","CSC301","Software Engineering"
"Lagos State University","Computer Science","300","CSC311","Database Management Systems"
"Lagos State University","Computer Science","300","CSC319","Compiler Construction"
"Lagos State University","Computer Science","300","CSC321","Computer Networks"
"Lagos State University","Computer Science","300","CSC331","Artificial Intelligence"
"Lagos State University","Computer Science","300","CSC341","Human Computer Interaction"
"Lagos State University","Computer Science","400","CSC401","Advanced Algorithms"
"Lagos State University","Computer Science","400","CSC411","Distributed Systems"
"Lagos State University","Computer Science","400","CSC421","Machine Learning"
"Lagos State University","Computer Science","400","CSC431","Cybersecurity"
"Lagos State University","Computer Science","400","CSC499","Final Year Project"
"Lagos State University","Accounting","100","ACC101","Introduction to Accounting"
"Lagos State University","Accounting","100","ACC102","Principles of Accounting"
"Lagos State University","Accounting","100","ECO101","Principles of Economics I"
"Lagos State University","Accounting","100","BUS101","Introduction to Business"
"Lagos State University","Accounting","100","MAT101","Elementary Mathematics I"
"Lagos State University","Accounting","100","GST101","Use of English I"
"Lagos State University","Accounting","200","ACC201","Financial Accounting I"
"Lagos State University","Accounting","200","ACC203","Cost Accounting I"
"Lagos State University","Accounting","200","ACC205","Business Law"
"Lagos State University","Accounting","200","ACC207","Management Principles"
"Lagos State University","Accounting","200","ECO201","Microeconomics I"
"Lagos State University","Accounting","200","ENT211","Entrepreneurship"
"Lagos State University","Accounting","300","ACC301","Financial Accounting II"
"Lagos State University","Accounting","300","ACC303","Auditing I"
"Lagos State University","Accounting","300","ACC305","Taxation I"
"Lagos State University","Accounting","300","ACC307","Management Accounting"
"Lagos State University","Accounting","400","ACC401","Advanced Financial Accounting"
"Lagos State University","Accounting","400","ACC403","Auditing II"
"Lagos State University","Accounting","400","ACC499","Research Project"
"Lagos State University","Agriculture","100","AGR101","Introduction to Agriculture"
"Lagos State University","Agriculture","100","BIO101","General Biology I"
"Lagos State University","Agriculture","100","CHM101","General Chemistry I"
"Lagos State University","Agriculture","100","MAT101","Elementary Mathematics I"
"Lagos State University","Agriculture","100","GST101","Use of English I"
"Lagos State University","Agriculture","200","AGR201","Crop Production"
"Lagos State University","Agriculture","200","AGR203","Animal Husbandry"
"Lagos State University","Agriculture","200","AGR205","Soil Science"
"Lagos State University","Agriculture","200","ENT211","Entrepreneurship"
"Lagos State University","Agriculture","300","AGR301","Agricultural Economics"
"Lagos State University","Agriculture","300","AGR303","Farm Management"
"Lagos State University","Agriculture","300","AGR399","SIWES"
"Lagos State University","Agriculture","400","AGR401","Agricultural Extension"
"Lagos State University","Agriculture","400","AGR403","Agricultural Policy"
"Lagos State University","Agriculture","400","AGR499","Research Project"
"Lagos State University","Business Administration","100","BUS101","Introduction to Business"
"Lagos State University","Business Administration","100","ECO101","Principles of Economics I"
"Lagos State University","Business Administration","100","ACC101","Introduction to Accounting"
"Lagos State University","Business Administration","100","MAT101","Elementary Mathematics I"
"Lagos State University","Business Administration","100","GST101","Use of English I"
"Lagos State University","Business Administration","200","BUS201","Principles of Management"
"Lagos State University","Business Administration","200","BUS203","Business Communication"
"Lagos State University","Business Administration","200","ECO201","Microeconomics I"
"Lagos State University","Business Administration","200","ACC201","Financial Accounting I"
"Lagos State University","Business Administration","200","ENT211","Entrepreneurship"
"Lagos State University","Business Administration","300","BUS301","Human Resource Management"
"Lagos State University","Business Administration","300","BUS303","Marketing Management"
"Lagos State University","Business Administration","300","BUS305","Business Finance"
"Lagos State University","Business Administration","400","BUS401","Strategic Management"
"Lagos State University","Business Administration","400","BUS403","International Business"
"Lagos State University","Business Administration","400","BUS499","Research Project"
"Lagos State University","Information Technology","100","CSC101","Introduction to Computer Science"
"Lagos State University","Information Technology","100","CSC102","Introduction to Computing"
"Lagos State University","Information Technology","100","MAT101","Elementary Mathematics I"
"Lagos State University","Information Technology","100","GST101","Use of English I"
"Lagos State University","Information Technology","200","CSC201","Computer Organization"
"Lagos State University","Information Technology","200","CSC205","Operating Systems"
"Lagos State University","Information Technology","200","CSC213","Data Structures"
"Lagos State University","Information Technology","200","ENT211","Entrepreneurship"
"Lagos State University","Information Technology","300","CSC301","Software Engineering"
"Lagos State University","Information Technology","300","CSC311","Database Management Systems"
"Lagos State University","Information Technology","300","CSC321","Computer Networks"
"Lagos State University","Information Technology","400","CSC401","IT Project Management"
"Lagos State University","Information Technology","400","CSC411","Information Security"
"Lagos State University","Information Technology","400","CSC499","Final Year Project"
"Lagos State University","Zoology","100","ZOO101","General Zoology"
"Lagos State University","Zoology","100","BIO101","General Biology I"
"Lagos State University","Zoology","100","CHM101","General Chemistry I"
"Lagos State University","Zoology","100","MAT101","Elementary Mathematics I"
"Lagos State University","Zoology","100","GST101","Use of English I"
"Lagos State University","Zoology","200","ZOO201","Invertebrate Zoology"
"Lagos State University","Zoology","200","ZOO203","Vertebrate Zoology"
"Lagos State University","Zoology","200","BIO201","Cell Biology"
"Lagos State University","Zoology","200","ENT211","Entrepreneurship"
"Lagos State University","Zoology","300","ZOO301","Animal Physiology"
"Lagos State University","Zoology","300","ZOO303","Entomology"
"Lagos State University","Zoology","300","ZOO399","SIWES"
"Lagos State University","Zoology","400","ZOO401","Applied Zoology"
"Lagos State University","Zoology","400","ZOO403","Wildlife Management"
"Lagos State University","Zoology","400","ZOO499","Research Project"
"Lagos State University","Entrepreneurship","100","ENT101","Introduction to Entrepreneurship"
"Lagos State University","Entrepreneurship","100","BUS101","Introduction to Business"
"Lagos State University","Entrepreneurship","100","GST101","Use of English I"
"Lagos State University","Entrepreneurship","200","ENT211","Entrepreneurship"
"Lagos State University","Entrepreneurship","200","BUS201","Principles of Management"
"Lagos State University","Entrepreneurship","200","ACC201","Financial Accounting I"
"Lagos State University","Entrepreneurship","300","ENT321","Entrepreneurship & Business Management"
"Lagos State University","Entrepreneurship","300","BUS301","Human Resource Management"
"Lagos State University","Entrepreneurship","400","ENT421","Investment Marketing & Management"
"Lagos State University","Entrepreneurship","400","BUS401","Strategic Management"
"Lagos State University","Entrepreneurship","400","ENT499","Research Project"
"University of Lagos","_general","100","GST102","Philosophy, Logic and Philosophy of Science"
"University of Lagos","_general","100","GST103","Nigerian Peoples and Culture"
"University of Lagos","_general","100","GST105","Use of English/Library"
"University of Lagos","_general","200","GST201","General African Studies"
"University of Lagos","_general","200","GST214","Basic Computer Studies"
"University of Lagos","_general","300","GST307","Entrepreneurship and Business Innovation Studies"
"University of Ibadan","_general","100","GES101","Use of English"
"University of Ibadan","_general","100","GES107","Reproductive Health: STIs and HIV"
"University of Ibadan","_general","100","GES108","Introduction to French"
"University of Ibadan","_general","200","GES201","Use of English II"